연번,보호구역아이디,시설종류,대상시설명,시도명,시군구명,시군구코드,소재지도로명주소,소재지지번주소,위도,경도,관리기관명,관리기관전화번호,관할경찰서명,CCTV설치여부,CCTV설치대수,데이터기준일자,이미지명,비고,구,zone_id,dist_nearest_stop_m,stops_in_300m,bus_category,slope_deg,slope_category,has_slope,accident_count,serious_count,minor_count,severity_score,slope_x_bus,risk_score_poisson,n_slope,n_bus,risk_score_spearman,risk_index,risk_index_scaled,위험등급
6,성남-01-006,초등학교,구미초등학교,경기도,성남시 분당구,41135,경기도 성남시 분당구 미금로22번길 25,경기도 성남시 분당구 구미동 215,37.337756,127.118398,경기도 성남시청,031-729-3672,분당경찰서,Y,3,2022-08-26,성남-01-006-B-01.jpeg,,분당구,0,66.48125924299126,14,1.0,4.654176320743563,1,True,0,0,0,0,1.0,0.31643831499471753,0.3333333333333333,0.3333333333333333,-0.059246,0.31643831499471753,33.78120257319329,고위험
7,성남-01-007,초등학교,내정초등학교,경기도,성남시 분당구,41135,경기도 성남시 분당구 내정로174번길 19,경기도 성남시 분당구 수내동 57,37.373116,127.121826,경기도 성남시청,031-729-3672,분당경찰서,Y,2,2022-08-29,성남-01-007-B-01.jpeg,,분당구,1,144.52854377888463,11,0.0,2.292107106670682,0,True,0,0,0,0,0.0,0.27701358966788153,0.0,0.0,0.0,0.27701358966788153,0.0,저위험
8,성남-01-008,초등학교,돌마초등학교,경기도,성남시 분당구,41135,경기도 성남시 분당구 야탑로96번길 7,경기도 성남시 분당구 야탑동 515,37.409099,127.130378,경기도 성남시청,031-729-3672,분당경찰서,Y,3,2022-07-27,성남-01-008-B-01.jpeg,,분당구,2,69.49187503064533,3,1.0,2.002998495976287,0,True,0,0,0,0,0.0,0.30172490688817327,0.0,0.3333333333333333,0.0,0.30172490688817327,21.173971560960762,중위험
9,성남-01-009,초등학교,성남미금초등학교,경기도,성남시 분당구,41135,경기도 성남시 분당구 미금로 151,경기도 성남시 분당구 구미동 68,37.347422,127.115303,경기도 성남시청,031-729-3672,분당경찰서,Y,5,2022-08-17,성남-01-009-B-01.jpeg,미금초등학교에서 명칭변경,분당구,3,65.43384195083824,11,1.0,0.6724950001127928,0,True,0,0,0,0,0.0,0.30172490688817327,0.0,0.3333333333333333,0.0,0.30172490688817327,21.173971560960762,중위험
10,성남-01-010,초등학교,백현초등학교,경기도,성남시 분당구,41135,경기도 성남시 분당구 백현로144번길 26,경기도 성남시 분당구 정자동 76,37.372181,127.110953,경기도 성남시청,031-729-3672,분당경찰서,Y,2,2022-08-25,성남-01-010-B-01.jpeg,,분당구,4,264.1870059370461,2,0.0,1.4872599953478454,0,True,0,0,0,0,0.0,0.27701358966788153,0.0,0.0,0.0,0.27701358966788153,0.0,저위험
11,성남-01-011,초등학교,분당초등학교,경기도,성남시 분당구,41135,경기도 성남시 분당구 중앙공원로32번길 20,경기도 성남시 분당구 서현동 92-1,37.378827,127.129493,경기도 성남시청,031-729-3672,분당경찰서,Y,3,2022-08-31,성남-01-011-B-01.jpeg,,분당구,5,66.36992218452225,9,1.0,1.0447699789678477,0,True,0,0,0,0,0.0,0.30172490688817327,0.0,0.3333333333333333,0.0,0.30172490688817327,21.173971560960762,중위험
13,성남-01-013,초등학교,탄천초등학교,경기도,성남시 분당구,41135,경기도 성남시 분당구 내정로 20,경기도 성남시 분당구 정자동 195,37.361893,127.115634,경기도 성남시청,031-729-3672,분당경찰서,Y,3,2022-08-17,성남-01-013-B-01.jpeg,,분당구,6,57.34681878190289,13,1.0,3.7534112132567894,1,True,0,0,0,0,1.0,0.31643831499471753,0.3333333333333333,0.3333333333333333,-0.059246,0.31643831499471753,33.78120257319329,고위험
14,성남-01-014,초등학교,하탑초등학교,경기도,성남시 분당구,41135,경기도 성남시 분당구 양현로 262,경기도 성남시 분당구 야탑동 531,37.407411,127.126256,경기도 성남시청,031-729-3672,분당경찰서,Y,1,2022-08-31,성남-01-014-B-01.jpeg,,분당구,7,201.89739747757866,8,0.0,1.507081269073606,0,True,0,0,0,0,0.0,0.27701358966788153,0.0,0.0,0.0,0.27701358966788153,0.0,저위험
15,성남-01-015,초등학교,늘푸른초등학교,경기도,성남시 분당구,41135,경기도 성남시 분당구 정자일로 87,경기도 성남시 분당구 정자동 178-5,37.358164,127.105246,경기도 성남시청,031-729-3672,분당경찰서,Y,3,2022-08-25,성남-01-015-B-01.jpeg,,분당구,8,82.39119515721141,7,1.0,0.7161704916608681,0,True,0,0,0,0,0.0,0.30172490688817327,0.0,0.3333333333333333,0.0,0.30172490688817327,21.173971560960762,중위험
16,성남-01-016,초등학교,보평초등학교,경기도,성남시 분당구,41135,경기도 성남시 분당구 동판교로 154,경기도 성남시 분당구 삼평동 743,37.395704,127.117922,경기도 성남시청,031-729-3672,분당경찰서,Y,6,2022-07-27,성남-01-016-B-01.jpeg,,분당구,9,130.04563240208998,5,0.0,1.0183124046675671,0,True,1,1,0,2,0.0,0.27701358966788153,0.0,0.0,0.0,0.27701358966788153,0.0,저위험
17,성남-01-017,초등학교,산운초등학교,경기도,성남시 분당구,41135,경기도 성남시 분당구 판교원로117번길 11,경기도 성남시 분당구 운중동 927,37.389753,127.079005,경기도 성남시청,031-729-3672,분당경찰서,Y,9,2022-09-02,성남-01-017-B-01.jpeg,,분당구,10,227.1407842775658,3,0.0,4.139996870111965,1,True,0,0,0,0,0.0,0.2905219673416973,0.3333333333333333,0.0,-0.059246,0.2905219673416973,11.574696814025806,저위험
18,성남-01-018,초등학교,운중초등학교,경기도,성남시 분당구,41135,경기도 성남시 분당구 운중로45번길 8,경기도 성남시 분당구 운중동 893,37.392299,127.068869,경기도 성남시청,031-729-3672,분당경찰서,Y,10,2022-09-01,성남-01-018-B-01.jpeg,,분당구,11,200.27379152436825,3,0.0,11.730083841463276,3,True,0,0,0,0,0.0,0.319547025360709,1.0,0.0,-0.177738,0.319547025360709,36.444911038993574,고위험
19,성남-01-019,초등학교,낙생초등학교,경기도,성남시 분당구,41135,경기도 성남시 분당구 서판교로74번길 11,경기도 성남시 분당구 판교동 551,37.394357,127.098914,경기도 성남시청,031-729-3672,분당경찰서,Y,12,2022-08-25,성남-01-019-B-01.jpeg,,분당구,12,109.68205406024813,3,0.0,10.378002991346634,3,True,0,0,0,0,0.0,0.319547025360709,1.0,0.0,-0.177738,0.319547025360709,36.444911038993574,고위험
20,성남-01-020,초등학교,신백현초등학교,경기도,성남시 분당구,41135,경기도 성남시 분당구 판교역로14번길 42,경기도 성남시 분당구 백현동 559,37.387211,127.111969,경기도 성남시청,031-729-3672,분당경찰서,Y,3,2022-08-11,성남-01-020-B-01.jpeg,,분당구,13,93.44913222901064,10,1.0,2.12280014882702,0,True,0,0,0,0,0.0,0.30172490688817327,0.0,0.3333333333333333,0.0,0.30172490688817327,21.173971560960762,중위험
21,성남-01-021,초등학교,성남화랑초등학교,경기도,성남시 분당구,41135,경기도 성남시 분당구 동판교로 77,경기도 성남시 분당구 백현동 547,37.389912,127.116021,경기도 성남시청,031-729-3672,분당경찰서,Y,1,2022-08-29,성남-01-021-B-01.jpeg,,분당구,14,55.68242933409208,9,1.0,1.1120448216014733,0,True,1,0,1,1,0.0,0.30172490688817327,0.0,0.3333333333333333,0.0,0.30172490688817327,21.173971560960762,중위험
29,성남-01-029,초등학교,성남북초등학교,경기도,성남시 수정구,41131,경기도 성남시 수정구 희망로534번길 3,경기도 성남시 수정구 산성동 2137,37.451501,127.151474,경기도 성남시청,031-729-3672,성남수정경찰서,Y,6,2022-08-17,성남-01-029-B-01.jpeg,,수정구,15,118.90722393065256,5,0.0,6.549038575150203,2,True,0,0,0,0,0.0,0.30468907178627264,0.6666666666666666,0.0,-0.118492,0.30468907178627264,23.71382577815385,중위험
30,성남-01-030,초등학교,성남수정초등학교,경기도,성남시 수정구,41131,경기도 성남시 수정구 제일로123번길 9,경기도 성남시 수정구 수진동 4347,37.436537,127.132013,경기도 성남시청,031-729-3672,성남수정경찰서,Y,6,2022-08-11,성남-01-030-B-01.jpeg,,수정구,16,164.12654925645268,4,0.0,3.6686837934935608,1,True,2,1,1,3,0.0,0.2905219673416973,0.3333333333333333,0.0,-0.059246,0.2905219673416973,11.574696814025806,저위험
31,성남-01-031,초등학교,수진초등학교,경기도,성남시 수정구,41131,경기도 성남시 수정구 탄리로95번길 16,경기도 성남시 수정구 태평동 3756,37.444583,127.133028,경기도 성남시청,031-729-3672,성남수정경찰서,Y,10,2022-09-01,성남-01-031-B-01.jpeg,,수정구,17,122.20342765402403,13,0.0,5.704682144156266,2,True,1,0,1,1,0.0,0.30468907178627264,0.6666666666666666,0.0,-0.118492,0.30468907178627264,23.71382577815385,중위험
32,성남-01-032,초등학교,희망대초등학교,경기도,성남시 수정구,41131,경기도 성남시 수정구 공원로370번길 29,경기도 성남시 수정구 신흥동 1232,37.447419,127.148651,경기도 성남시청,031-729-3672,성남수정경찰서,Y,5,2022-08-11,성남-01-032-B-01.jpeg,,수정구,18,273.31030297774487,1,0.0,7.391022266190749,2,True,0,0,0,0,0.0,0.30468907178627264,0.6666666666666666,0.0,-0.118492,0.30468907178627264,23.71382577815385,중위험
33,성남-01-033,초등학교,성남서초등학교,경기도,성남시 수정구,41131,경기도 성남시 수정구 태평로 19,경기도 성남시 수정구 태평동 5090-1,37.448648,127.129307,경기도 성남시청,031-729-3672,성남수정경찰서,Y,4,2022-08-11,성남-01-033-B-01.jpeg,,수정구,19,212.3512451024192,4,0.0,6.247745590467619,2,True,1,0,1,1,0.0,0.30468907178627264,0.6666666666666666,0.0,-0.118492,0.30468907178627264,23.71382577815385,중위험
34,성남-01-034,초등학교,성남신흥초등학교,경기도,성남시 수정구,41131,경기도 성남시 수정구 공원로436번길 17,경기도 성남시 수정구 신흥동 47-3,37.450606,127.143481,경기도 성남시청,031-729-3672,성남수정경찰서,Y,2,2022-08-29,성남-01-034-B-01.jpeg,,수정구,20,158.16796062554823,5,0.0,8.488938282994493,3,True,0,0,0,0,0.0,0.319547025360709,1.0,0.0,-0.177738,0.319547025360709,36.444911038993574,고위험
35,성남-01-035,초등학교,단대초등학교,경기도,성남시 수정구,41131,경기도 성남시 수정구 단대로 30,경기도 성남시 수정구 단대동 77,37.453611,127.157748,경기도 성남시청,031-729-3672,성남수정경찰서,Y,9,2022-08-04,성남-01-035-B-01.jpeg,,수정구,21,226.78855635342288,2,0.0,8.062086597012359,3,True,0,0,0,0,0.0,0.319547025360709,1.0,0.0,-0.177738,0.319547025360709,36.444911038993574,고위험
36,성남-01-036,초등학교,복정초등학교,경기도,성남시 수정구,41131,경기도 성남시 수정구 성남대로1480번길 25,경기도 성남시 수정구 복정동 665,37.462178,127.129633,경기도 성남시청,031-729-3672,성남수정경찰서,Y,6,2022-08-25,성남-01-036-B-01.jpeg,,수정구,22,305.25948284430945,0,0.0,5.277334286506768,2,True,0,0,0,0,0.0,0.30468907178627264,0.6666666666666666,0.0,-0.118492,0.30468907178627264,23.71382577815385,중위험
37,성남-01-037,초등학교,성남양지초등학교,경기도,성남시 수정구,41131,경기도 성남시 수정구 논골로36번길 33,경기도 성남시 수정구 양지동 386,37.459811,127.161849,경기도 성남시청,031-729-3672,성남수정경찰서,Y,3,2022-08-29,성남-01-037-B-01.jpeg,,수정구,23,260.7281053087288,1,0.0,11.134296135042332,3,True,0,0,0,0,0.0,0.319547025360709,1.0,0.0,-0.177738,0.319547025360709,36.444911038993574,고위험
38,성남-01-038,초등학교,위례고운초등학교,경기도,성남시 수정구,41131,경기도 성남시 수정구 위례순환로 155,경기도 성남시 수정구 창곡동 511,37.471539,127.145669,경기도 성남시청,031-729-3672,성남수정경찰서,N,0,2022-08-25,성남-01-038-B-01.jpeg,,수정구,24,95.54401450562531,6,1.0,2.1729090840153007,0,True,0,0,0,0,0.0,0.30172490688817327,0.0,0.3333333333333333,0.0,0.30172490688817327,21.173971560960762,중위험
39,성남-01-039,초등학교,위례한빛초등학교,경기도,성남시 수정구,41131,경기도 성남시 수정구 위례동로 55,경기도 성남시 수정구 창곡동 570,37.465766,127.147017,경기도 성남시청,031-729-3672,성남수정경찰서,Y,1,2022-09-01,성남-01-039-B-01.jpeg,,수정구,25,102.29328393722042,6,0.0,3.0713286273505753,1,True,0,0,0,0,0.0,0.2905219673416973,0.3333333333333333,0.0,-0.059246,0.2905219673416973,11.574696814025806,저위험
40,성남-01-040,초등학교,위례푸른초등학교,경기도,성남시 수정구,41131,경기도 성남시 수정구 위례순환로 205,경기도 성남시 수정구 창곡동 518,37.470859,127.150884,경기도 성남시청,031-729-3672,성남수정경찰서,N,0,2022-08-25,성남-01-040-B-01.jpeg,,수정구,26,107.87136511588973,8,0.0,2.629139231219189,0,True,0,0,0,0,0.0,0.27701358966788153,0.0,0.0,0.0,0.27701358966788153,0.0,저위험
41,성남-01-041,초등학교,위례중앙초등학교,경기도,성남시 수정구,41131,경기도 성남시 수정구 위례순환로 71,경기도 성남시 수정구 창곡동 502,37.472108,127.135904,경기도 성남시청,031-729-3672,성남수정경찰서,Y,1,2022-08-25,성남-01-041-B-01.jpeg,,수정구,27,135.82565729286242,7,0.0,1.1605346236031264,0,True,0,0,0,0,0.0,0.27701358966788153,0.0,0.0,0.0,0.27701358966788153,0.0,저위험
44,성남-01-044,초등학교,불정초등학교,경기도,성남시 분당구,41135,경기도 성남시 분당구 돌마로 250,경기도 성남시 분당구 정자동 203,37.361961,127.119901,경기도 성남시청,031-729-3672,분당경찰서,Y,3,2022-08-26,성남-01-044-B-01.jpeg,,분당구,28,110.28614822305768,11,0.0,2.002484578513941,0,True,0,0,0,0,0.0,0.27701358966788153,0.0,0.0,0.0,0.27701358966788153,0.0,저위험
45,성남-01-045,초등학교,상탑초등학교,경기도,성남시 분당구,41135,경기도 성남시 분당구 판교로 647,경기도 성남시 분당구 야탑동 161,37.406391,127.145731,경기도 성남시청,031-729-3672,분당경찰서,Y,2,2022-09-01,성남-01-045-B-01.jpeg,,분당구,29,96.43102887158828,11,1.0,6.969552857567136,2,True,0,0,0,0,2.0,0.33186921235444417,0.6666666666666666,0.3333333333333333,-0.118492,0.33186921235444417,47.003216557403675,고위험
46,성남-01-046,초등학교,서현초등학교,경기도,성남시 분당구,41135,경기도 성남시 분당구 중앙공원로39번길 12,경기도 성남시 분당구 서현동 87-1,37.382657,127.128716,경기도 성남시청,031-729-3672,분당경찰서,Y,3,2022-08-22,성남-01-046-B-01.jpeg,,분당구,30,159.65519668953672,7,0.0,1.4284942558030942,0,True,1,0,1,1,0.0,0.27701358966788153,0.0,0.0,0.0,0.27701358966788153,0.0,저위험
47,성남-01-047,초등학교,성남신기초등학교,경기도,성남시 분당구,41135,경기도 성남시 분당구 황새울로 74,경기도 성남시 분당구 정자동 89,37.367082,127.110497,경기도 성남시청,031-729-3672,분당경찰서,Y,3,2022-08-11,성남-01-047-B-01.jpeg,,분당구,31,108.05175090450612,7,0.0,1.7763012072739204,0,True,0,0,0,0,0.0,0.27701358966788153,0.0,0.0,0.0,0.27701358966788153,0.0,저위험
48,성남-01-048,초등학교,성남장안초등학교,경기도,성남시 분당구,41135,경기도 성남시 분당구 장안로51번길 10,경기도 성남시 분당구 분당동 91,37.372411,127.144368,경기도 성남시청,031-729-3672,분당경찰서,Y,3,2022-08-17,성남-01-048-B-01.jpeg,,분당구,32,162.5790847867641,12,0.0,3.3243381334413695,1,True,0,0,0,0,0.0,0.2905219673416973,0.3333333333333333,0.0,-0.059246,0.2905219673416973,11.574696814025806,저위험
49,성남-01-049,초등학교,안말초등학교,경기도,성남시 분당구,41135,경기도 성남시 분당구 양현로 104,경기도 성남시 분당구 이매동 118,37.393296,127.125952,경기도 성남시청,031-729-3672,분당경찰서,Y,2,2022-08-11,성남-01-049-B-01.jpeg,,분당구,33,66.79051340404635,10,1.0,1.2314345388112653,0,True,0,0,0,0,0.0,0.30172490688817327,0.0,0.3333333333333333,0.0,0.30172490688817327,21.173971560960762,중위험
50,성남-01-050,초등학교,야탑초등학교,경기도,성남시 분당구,41135,경기도 성남시 분당구 양현로 400,경기도 성남시 분당구 야탑동 333,37.416515,127.125812,경기도 성남시청,031-729-3672,분당경찰서,Y,8,2022-07-27,성남-01-050-B-01.jpeg,,분당구,34,249.4232548252173,1,0.0,0.6154415711951395,0,True,0,0,0,0,0.0,0.27701358966788153,0.0,0.0,0.0,0.27701358966788153,0.0,저위험
51,성남-01-051,초등학교,오리초등학교,경기도,성남시 분당구,41135,경기도 성남시 분당구 미금로 121,경기도 성남시 분당구 구미동 115,37.344351,127.115379,경기도 성남시청,031-729-3672,분당경찰서,Y,3,2022-08-17,성남-01-051-B-01.jpeg,,분당구,35,79.69194206805786,6,1.0,0.9467054255483979,0,True,0,0,0,0,0.0,0.30172490688817327,0.0,0.3333333333333333,0.0,0.30172490688817327,21.173971560960762,중위험
52,성남-01-052,초등학교,이매초등학교,경기도,성남시 분당구,41135,경기도 성남시 분당구 양현로 146,경기도 성남시 분당구 이매동 112,37.397061,127.126137,경기도 성남시청,031-729-3672,분당경찰서,Y,2,2022-07-27,성남-01-052-B-01.jpeg,,분당구,36,132.11592240995708,8,0.0,1.6282115849248993,0,True,0,0,0,0,0.0,0.27701358966788153,0.0,0.0,0.0,0.27701358966788153,0.0,저위험
53,성남-01-053,초등학교,청솔초등학교,경기도,성남시 분당구,41135,경기도 성남시 분당구 금곡로 243,경기도 성남시 분당구 금곡동 131,37.354261,127.113886,경기도 성남시청,031-729-3672,분당경찰서,Y,3,2022-08-25,성남-01-053-B-01.jpeg,,분당구,37,286.83792377439437,1,0.0,3.0224532657073926,1,True,0,0,0,0,0.0,0.2905219673416973,0.3333333333333333,0.0,-0.059246,0.2905219673416973,11.574696814025806,저위험
54,성남-01-054,초등학교,당촌초등학교,경기도,성남시 분당구,41135,경기도 성남시 분당구 분당로 196,경기도 성남시 분당구 분당동 36,37.373791,127.131084,경기도 성남시청,031-729-3672,분당경찰서,Y,3,2022-08-31,성남-01-054-B-01.jpeg,,분당구,38,90.79434201291244,7,1.0,1.5064585291238097,0,True,0,0,0,0,0.0,0.30172490688817327,0.0,0.3333333333333333,0.0,0.30172490688817327,21.173971560960762,중위험
55,성남-01-055,초등학교,한솔초등학교,경기도,성남시 분당구,41135,경기도 성남시 분당구 돌마로 303,경기도 성남시 분당구 정자동 113,37.366942,127.117969,경기도 성남시청,031-729-3672,분당경찰서,Y,1,2022-08-26,성남-01-055-B-01.jpeg,,분당구,39,176.0186452573453,3,0.0,2.0076079920547723,0,True,0,0,0,0,0.0,0.27701358966788153,0.0,0.0,0.0,0.27701358966788153,0.0,저위험
56,성남-01-056,초등학교,수내초등학교,경기도,성남시 분당구,41135,경기도 성남시 분당구 백현로243번길 12,경기도 성남시 분당구 수내동 81,37.367765,127.124663,경기도 성남시청,031-729-3672,분당경찰서,Y,3,2022-08-22,성남-01-056-B-01.jpeg,,분당구,40,91.26814730139488,12,1.0,1.8839911085272771,0,True,0,0,0,0,0.0,0.30172490688817327,0.0,0.3333333333333333,0.0,0.30172490688817327,21.173971560960762,중위험
57,성남-01-057,초등학교,성남송현초등학교,경기도,성남시 분당구,41135,경기도 성남시 분당구 동판교로 258,경기도 성남시 분당구 삼평동 710,37.405458,127.116346,경기도 성남시청,031-729-3672,분당경찰서,Y,5,2022-09-02,성남-01-057-B-01.jpeg,,분당구,41,71.94469737287632,8,1.0,2.0457879193919393,0,True,1,0,1,1,0.0,0.30172490688817327,0.0,0.3333333333333333,0.0,0.30172490688817327,21.173971560960762,중위험
58,성남-01-058,초등학교,판교초등학교,경기도,성남시 분당구,41135,경기도 성남시 분당구 판교원로 231,경기도 성남시 분당구 판교동 636,37.387028,127.091683,경기도 성남시청,031-729-3672,분당경찰서,Y,5,2022-09-01,성남-01-058-B-01.jpeg,,분당구,42,218.01838281883641,2,0.0,6.7900639466067005,2,True,0,0,0,0,0.0,0.30468907178627264,0.6666666666666666,0.0,-0.118492,0.30468907178627264,23.71382577815385,중위험
60,성남-01-060,초등학교,태평초등학교,경기도,성남시 수정구,41131,경기도 성남시 수정구 남문로32번길 7,경기도 성남시 수정구 태평동 3743,37.445004,127.131161,경기도 성남시청,031-729-3672,성남수정경찰서,Y,6,2022-08-11,성남-01-060-B-01.jpeg,,수정구,43,40.511678999887394,10,2.0,7.1556783191104545,2,True,1,1,0,2,4.0,0.36147398875538284,0.6666666666666666,0.6666666666666666,-0.118492,0.36147398875538284,72.37016434063793,고위험
61,성남-01-061,초등학교,성수초등학교,경기도,성남시 수정구,41131,경기도 성남시 수정구 모란로 11,경기도 성남시 수정구 수진동 4786,37.434814,127.127198,경기도 성남시청,031-729-3672,성남수정경찰서,Y,9,2022-08-04,성남-01-061-B-01.jpeg,,수정구,44,209.1263028419881,4,0.0,2.9012591780925208,0,True,3,1,2,4,0.0,0.27701358966788153,0.0,0.0,0.0,0.27701358966788153,0.0,저위험
62,성남-01-062,초등학교,금빛초등학교,경기도,성남시 수정구,41131,경기도 성남시 수정구 남문로 112,경기도 성남시 수정구 태평동 7289,37.447427,127.140585,경기도 성남시청,031-729-3672,성남수정경찰서,Y,7,2022-08-11,성남-01-062-B-01.jpeg,,수정구,45,71.992252800855,8,1.0,7.233056122101894,2,True,0,0,0,0,2.0,0.33186921235444417,0.6666666666666666,0.3333333333333333,-0.118492,0.33186921235444417,47.003216557403675,고위험
63,성남-01-063,초등학교,왕남초등학교,경기도,성남시 수정구,41131,경기도 성남시 수정구 대왕판교로959번길 48,경기도 성남시 수정구 고등동 459,37.428546,127.097889,경기도 성남시청,031-729-3672,성남수정경찰서,Y,5,2022-09-02,성남-01-063-B-01.jpeg,,수정구,46,191.1613259625995,4,0.0,4.3464370907806025,1,True,0,0,0,0,0.0,0.2905219673416973,0.3333333333333333,0.0,-0.059246,0.2905219673416973,11.574696814025806,저위험
64,성남-01-064,초등학교,성남초등학교,경기도,성남시 수정구,41131,경기도 성남시 수정구 수정로 233,경기도 성남시 수정구 태평동 7326,37.446085,127.144145,경기도 성남시청,031-729-3672,성남수정경찰서,Y,4,2022-08-17,성남-01-064-B-01.jpeg,,수정구,47,139.89597164370122,7,0.0,6.246285039994742,2,True,4,2,2,6,0.0,0.30468907178627264,0.6666666666666666,0.0,-0.118492,0.30468907178627264,23.71382577815385,중위험
66,성남-01-066,초등학교,불곡초등학교,경기도,성남시 분당구,41135,경기도 성남시 분당구 무지개로 129,경기도 성남시 분당구 구미동 241,37.341053,127.119354,경기도 성남시청,031-729-3672,분당경찰서,Y,3,2022-08-25,성남-01-066-B-01.jpeg,,분당구,48,151.06981169392566,7,0.0,2.9026120443788086,0,True,0,0,0,0,0.0,0.27701358966788153,0.0,0.0,0.0,0.27701358966788153,0.0,저위험
67,성남-01-067,초등학교,서당초등학교,경기도,성남시 분당구,41135,경기도 성남시 분당구 돌마로476번길 30,경기도 성남시 분당구 서현동 303,37.374681,127.134344,경기도 성남시청,031-729-3672,분당경찰서,Y,3,2022-08-31,성남-01-067-B-01.jpeg,,분당구,49,107.0135523125019,12,0.0,1.0050785098163213,0,True,0,0,0,0,0.0,0.27701358966788153,0.0,0.0,0.0,0.27701358966788153,0.0,저위험
68,성남-01-068,초등학교,성남매송초등학교,경기도,성남시 분당구,41135,경기도 성남시 분당구 탄천로 97,경기도 성남시 분당구 이매동 136,37.401989,127.122875,경기도 성남시청,031-729-3672,분당경찰서,Y,3,2022-07-27,성남-01-068-B-01.jpeg,,분당구,50,57.09527842446148,7,1.0,1.6130601331026226,0,True,0,0,0,0,0.0,0.30172490688817327,0.0,0.3333333333333333,0.0,0.30172490688817327,21.173971560960762,중위험
69,성남-01-069,초등학교,성남정자초등학교,경기도,성남시 분당구,41135,경기도 성남시 분당구 분당수서로 442,경기도 성남시 분당구 정자동 6-2,37.374281,127.105591,경기도 성남시청,031-729-3672,분당경찰서,Y,2,2022-08-25,성남-01-069-B-01.jpeg,,분당구,51,219.40801671323985,4,0.0,1.7960433970357332,0,True,0,0,0,0,0.0,0.27701358966788153,0.0,0.0,0.0,0.27701358966788153,0.0,저위험
70,성남-01-070,초등학교,양영초등학교,경기도,성남시 분당구,41135,경기도 성남시 분당구 불정로406번길 17,경기도 성남시 분당구 서현동 319,37.374728,127.139518,경기도 성남시청,031-729-3672,분당경찰서,Y,4,2022-08-22,성남-01-070-B-01.jpeg,,분당구,52,114.86013855145067,10,0.0,3.8030059939650593,1,True,0,0,0,0,0.0,0.2905219673416973,0.3333333333333333,0.0,-0.059246,0.2905219673416973,11.574696814025806,저위험
71,성남-01-071,초등학교,중탑초등학교,경기도,성남시 분당구,41135,경기도 성남시 분당구 벌말로 68,경기도 성남시 분당구 야탑동 212,37.413924,127.139686,경기도 성남시청,031-729-3672,분당경찰서,Y,2,2022-08-29,성남-01-071-B-01.jpeg,,분당구,53,81.66869831786875,12,1.0,3.1637062911477436,1,True,0,0,0,0,1.0,0.31643831499471753,0.3333333333333333,0.3333333333333333,-0.059246,0.31643831499471753,33.78120257319329,고위험
72,성남-01-072,초등학교,초림초등학교,경기도,성남시 분당구,41135,경기도 성남시 분당구 수내로90번길 26,경기도 성남시 분당구 수내동 35,37.376826,127.117592,경기도 성남시청,031-729-3672,분당경찰서,Y,3,2022-08-31,성남-01-072-B-01.jpeg,,분당구,54,110.15205063662874,9,0.0,1.0567351365054543,0,True,0,0,0,0,0.0,0.27701358966788153,0.0,0.0,0.0,0.27701358966788153,0.0,저위험
73,성남-01-073,초등학교,판교대장초등학교,경기도,성남시 분당구,41135,경기도 성남시 분당구 판교대장로5길 71,경기도 성남시 분당구 대장동 155,37.368667,127.069621,경기도 성남시청,031-729-3672,분당경찰서,Y,3,2022-08-31,성남-01-073-B-01.jpeg,,분당구,55,196.32216656306923,6,0.0,11.04595670736751,3,True,0,0,0,0,0.0,0.319547025360709,1.0,0.0,-0.177738,0.319547025360709,36.444911038993574,고위험
74,성남-01-074,유치원,별빛유치원,경기도,성남시 수정구,41131,경기도 성남시 수정구 수정로332번길 6-4,경기도 성남시 수정구 산성동 2120,37.452885,127.150066,경기도 성남시청,031-729-3672,성남수정경찰서,Y,4,2022-08-17,성남-01-074-B-01.jpeg,미래유치원에서 명칭변경,수정구,56,120.81721098606022,6,0.0,7.311507956791434,2,True,1,0,1,1,0.0,0.30468907178627264,0.6666666666666666,0.0,-0.118492,0.30468907178627264,23.71382577815385,중위험
75,성남-01-075,유치원,성체유치원,경기도,성남시 수정구,41131,경기도 성남시 수정구 탄리로 31,경기도 성남시 수정구 수진동 664-2,37.439031,127.137447,경기도 성남시청,031-729-3672,성남수정경찰서,Y,4,2022-08-26,성남-01-075-B-01.jpeg,,수정구,57,51.67807751645941,5,1.0,4.635710089519056,1,True,5,1,4,6,1.0,0.31643831499471753,0.3333333333333333,0.3333333333333333,-0.059246,0.31643831499471753,33.78120257319329,고위험
76,성남-01-076,유치원,신흥성모유치원,경기도,성남시 수정구,41131,경기도 성남시 수정구 공원로 432,경기도 성남시 수정구 신흥동 89,37.449077,127.143242,경기도 성남시청,031-729-3672,성남수정경찰서,Y,3,2022-09-02,성남-01-076-B-01.jpeg,,수정구,58,53.52883438297032,10,1.0,7.909155743080433,2,True,0,0,0,0,2.0,0.33186921235444417,0.6666666666666666,0.3333333333333333,-0.118492,0.33186921235444417,47.003216557403675,고위험
77,성남-01-077,유치원,은솔유치원,경기도,성남시 수정구,41131,경기도 성남시 수정구 위례서일로1길 24,경기도 성남시 수정구 창곡동 540,37.467824,127.138154,경기도 성남시청,031-729-3672,성남수정경찰서,N,0,2022-08-25,성남-01-077-B-01.jpeg,,수정구,59,71.33164173387868,9,1.0,1.9133700907333175,0,True,1,0,1,1,0.0,0.30172490688817327,0.0,0.3333333333333333,0.0,0.30172490688817327,21.173971560960762,중위험
78,성남-01-078,유치원,위례새초롱유치원,경기도,성남시 수정구,41131,경기도 성남시 수정구 위례순환로4길 2,경기도 성남시 수정구 창곡동 167-14,37.469683,127.147866,경기도 성남시청,031-729-3672,성남수정경찰서,N,0,2022-08-25,성남-01-078-B-01.jpeg,,수정구,60,59.01114867224766,6,1.0,2.8382311728249654,0,True,0,0,0,0,0.0,0.30172490688817327,0.0,0.3333333333333333,0.0,0.30172490688817327,21.173971560960762,중위험
79,성남-01-079,유치원,위례하늘유치원,경기도,성남시 수정구,41131,경기도 성남시 수정구 위례동이로 14,경기도 성남시 수정구 창곡동 599,37.467037,127.151134,경기도 성남시청,031-729-3672,성남수정경찰서,Y,1,2022-09-02,성남-01-079-B-01.jpeg,,수정구,61,160.73976189633206,4,0.0,5.278031061934012,2,True,0,0,0,0,0.0,0.30468907178627264,0.6666666666666666,0.0,-0.118492,0.30468907178627264,23.71382577815385,중위험
80,성남-01-080,유치원,고등나래유치원,경기도,성남시 수정구,41131,경기도 성남시 수정구 청계산로2길 34,경기도 성남시 수정구 고등동 598,37.426969,127.096496,경기도 성남시청,031-729-3672,성남수정경찰서,N,0,2022-09-02,성남-01-080-B-01.jpeg,,수정구,62,208.1860073492585,2,0.0,6.296945498869191,2,True,0,0,0,0,0.0,0.30468907178627264,0.6666666666666666,0.0,-0.118492,0.30468907178627264,23.71382577815385,중위험
81,성남-01-081,유치원,은서유치원,경기도,성남시 수정구,41131,경기도 성남시 수정구 탄리로95번길 7-17,경기도 성남시 수정구 태평동 3558,37.443605,127.134977,경기도 성남시청,031-729-3672,성남수정경찰서,Y,4,2022-09-02,성남-01-081-B-01.jpeg,,수정구,63,49.206892063641774,15,2.0,4.938439605683879,1,True,1,1,0,2,2.0,0.34466656037381305,0.3333333333333333,0.6666666666666666,-0.059246,0.34466656037381305,57.968665327383704,고위험
86,성남-01-086,유치원,아름다운유치원,경기도,성남시 분당구,41135,경기도 성남시 분당구 돌마로356번길 31,경기도 성남시 분당구 수내동 74,37.367652,127.125451,경기도 성남시청,031-729-3672,분당경찰서,Y,3,2022-08-22,성남-01-086-B-01.jpeg,,분당구,64,111.44957899560119,13,0.0,2.0923909717124505,0,True,0,0,0,0,0.0,0.27701358966788153,0.0,0.0,0.0,0.27701358966788153,0.0,저위험
87,성남-01-087,유치원,안촌유치원,경기도,성남시 분당구,41135,경기도 성남시 분당구 느티로 70,경기도 성남시 분당구 정자동 88,37.368345,127.112024,경기도 성남시청,031-729-3672,분당경찰서,Y,1,2022-08-11,성남-01-087-B-01.jpeg,변경,분당구,65,27.073046451574033,5,3.0,1.7866857527694826,0,True,0,0,0,0,0.0,0.3579573923026021,0.0,1.0,0.0,0.3579573923026021,69.35695737077992,고위험
88,성남-01-088,유치원,세화유치원,경기도,성남시 분당구,41135,경기도 성남시 분당구 불정로 362,경기도 성남시 분당구 서현동 308,37.371892,127.137071,경기도 성남시청,031-729-3672,분당경찰서,Y,5,2022-08-22,성남-01-088-B-01.jpeg,,분당구,66,152.5484770664469,16,0.0,1.9164453928695213,0,True,0,0,0,0,0.0,0.27701358966788153,0.0,0.0,0.0,0.27701358966788153,0.0,저위험
89,성남-01-089,유치원,분당중앙유치원,경기도,성남시 분당구,41135,경기도 성남시 분당구 분당로263번길 61,경기도 성남시 분당구 서현동 315-2,37.373451,127.141671,경기도 성남시청,031-729-3672,분당경찰서,Y,1,2022-08-17,성남-01-089-B-01.jpeg,,분당구,67,30.699903873025935,9,2.0,2.81894291575256,0,True,0,0,0,0,0.0,0.3286406257029644,0.0,0.6666666666666666,0.0,0.3286406257029644,44.236791711204255,고위험
90,성남-01-090,유치원,꿈터유치원,경기도,성남시 분당구,41135,경기도 성남시 분당구 미금일로 58,경기도 성남시 분당구 구미동 63,37.347511,127.112231,경기도 성남시청,031-729-3672,분당경찰서,Y,1,2022-08-22,성남-01-090-B-01.jpeg,,분당구,68,26.34641619946241,8,3.0,2.737941128757035,0,True,0,0,0,0,0.0,0.3579573923026021,0.0,1.0,0.0,0.3579573923026021,69.35695737077992,고위험
91,성남-01-091,유치원,배성유치원,경기도,성남시 분당구,41135,경기도 성남시 분당구 판교로 624,경기도 성남시 분당구 야탑동 397-4,37.405999,127.142401,경기도 성남시청,031-729-3672,분당경찰서,Y,1,2022-08-31,성남-01-091-B-01.jpeg,,분당구,69,45.50362124621258,9,2.0,7.0217480954969,2,True,0,0,0,0,4.0,0.36147398875538284,0.6666666666666666,0.6666666666666666,-0.118492,0.36147398875538284,72.37016434063793,고위험
92,성남-01-092,유치원,이솔유치원,경기도,성남시 분당구,41135,경기도 성남시 분당구 미금로 232,경기도 성남시 분당구 금곡동 133-1,37.352756,127.112602,경기도 성남시청,031-729-3672,분당경찰서,Y,5,2022-08-25,성남-01-092-B-01.jpeg,,분당구,70,293.7246226239706,1,0.0,1.0385311649636855,0,True,0,0,0,0,0.0,0.27701358966788153,0.0,0.0,0.0,0.27701358966788153,0.0,저위험
93,성남-01-093,유치원,분당성모유치원,경기도,성남시 분당구,41135,경기도 성남시 분당구 구미로130번길 20,경기도 성남시 분당구 구미동 238,37.340099,127.124419,경기도 성남시청,031-729-3672,분당경찰서,Y,4,2022-08-25,성남-01-093-B-01.jpeg,성모유치원에서 명칭 변경,분당구,71,155.72014040277026,4,0.0,4.7327510815868505,1,True,0,0,0,0,0.0,0.2905219673416973,0.3333333333333333,0.0,-0.059246,0.2905219673416973,11.574696814025806,저위험
94,성남-01-094,유치원,판교샘유치원,경기도,성남시 분당구,41135,경기도 성남시 분당구 산운로 98,경기도 성남시 분당구 운중동 956,37.392928,127.071944,경기도 성남시청,031-729-3672,분당경찰서,Y,1,2022-09-01,성남-01-094-B-01.jpeg,,분당구,72,155.60711076938296,2,0.0,8.749627051891485,3,True,0,0,0,0,0.0,0.319547025360709,1.0,0.0,-0.177738,0.319547025360709,36.444911038993574,고위험
95,성남-01-095,유치원,장안유치원,경기도,성남시 분당구,41135,경기도 성남시 분당구 장안로25번길 28,경기도 성남시 분당구 분당동 67,37.370801,127.140364,경기도 성남시청,031-729-3672,분당경찰서,Y,1,2022-08-17,성남-01-095-B-01.jpeg,건영장안유치원에서 명칭 변경,분당구,73,66.86302687660792,13,1.0,3.8631642408066664,1,True,0,0,0,0,1.0,0.31643831499471753,0.3333333333333333,0.3333333333333333,-0.059246,0.31643831499471753,33.78120257319329,고위험
96,성남-01-096,유치원,뽀뽀뽀유치원,경기도,성남시 분당구,41135,경기도 성남시 분당구 양현로 515,경기도 성남시 분당구 야탑동 207-2,37.414974,127.138804,경기도 성남시청,031-729-3672,분당경찰서,Y,4,2022-08-25,성남-01-096-B-01.jpeg,,분당구,74,35.766610817501466,11,2.0,2.909142417996583,0,True,0,0,0,0,0.0,0.3286406257029644,0.0,0.6666666666666666,0.0,0.3286406257029644,44.236791711204255,고위험
97,성남-01-097,유치원,창조유치원,경기도,성남시 분당구,41135,경기도 성남시 분당구 불곡로17번길 7,경기도 성남시 분당구 정자동 240,37.359261,127.124754,경기도 성남시청,031-729-3672,분당경찰서,Y,1,2022-08-26,성남-01-097-B-01.jpeg,,분당구,75,163.06058809588052,3,0.0,9.721617248164431,3,True,0,0,0,0,0.0,0.319547025360709,1.0,0.0,-0.177738,0.319547025360709,36.444911038993574,고위험
98,성남-01-098,유치원,해나유치원,경기도,성남시 분당구,41135,경기도 성남시 분당구 서판교로44번길 2,경기도 성남시 분당구 판교동 577,37.390492,127.097951,경기도 성남시청,031-729-3672,분당경찰서,Y,1,2022-08-25,성남-01-098-B-01.jpeg,,분당구,76,143.1858359810607,6,0.0,5.82952511341493,2,True,0,0,0,0,0.0,0.30468907178627264,0.6666666666666666,0.0,-0.118492,0.30468907178627264,23.71382577815385,중위험
99,성남-01-099,유치원,꾸러기유치원,경기도,성남시 분당구,41135,경기도 성남시 분당구 양현로 220,경기도 성남시 분당구 이매동 99,37.403787,127.125691,경기도 성남시청,031-729-3672,분당경찰서,Y,5,2022-07-27,성남-01-099-B-01.jpeg,,분당구,77,52.97199236777006,8,1.0,1.8305037237549857,0,True,0,0,0,0,0.0,0.30172490688817327,0.0,0.3333333333333333,0.0,0.30172490688817327,21.173971560960762,중위험
100,성남-01-100,유치원,샛별유치원,경기도,성남시 분당구,41135,경기도 성남시 분당구 수내로 201,경기도 성남시 분당구 분당동 39,37.370504,127.127711,경기도 성남시청,031-729-3672,분당경찰서,Y,1,2022-08-22,성남-01-100-B-01.jpeg,,분당구,78,36.724991920959425,10,2.0,2.62697115774714,0,True,0,0,0,0,0.0,0.3286406257029644,0.0,0.6666666666666666,0.0,0.3286406257029644,44.236791711204255,고위험
101,성남-01-101,유치원,성마르코유치원,경기도,성남시 분당구,41135,경기도 성남시 분당구 매화로37번길 5,경기도 성남시 분당구 야탑동 389,37.410832,127.133182,경기도 성남시청,031-729-3672,분당경찰서,Y,1,2022-07-27,성남-01-101-B-01.jpeg,,분당구,79,82.71420307009086,7,1.0,2.473511740457157,0,True,0,0,0,0,0.0,0.30172490688817327,0.0,0.3333333333333333,0.0,0.30172490688817327,21.173971560960762,중위험
102,성남-01-102,유치원,동명유치원,경기도,성남시 분당구,41135,경기도 성남시 분당구 이매로 88,경기도 성남시 분당구 이매동 262-2,37.393398,127.130162,경기도 성남시청,031-729-3672,분당경찰서,Y,1,2022-08-25,성남-01-102-B-01.jpeg,"샛별유치원중복, 신규",분당구,80,131.57192527722978,7,0.0,3.550249030473689,1,True,0,0,0,0,0.0,0.2905219673416973,0.3333333333333333,0.0,-0.059246,0.2905219673416973,11.574696814025806,저위험
103,성남-01-103,유치원,은혜유치원,경기도,성남시 분당구,41135,경기도 성남시 분당구 내정로7번길 24,경기도 성남시 분당구 정자동 144,37.360908,127.111946,경기도 성남시청,031-729-3672,분당경찰서,Y,1,2022-08-17,성남-01-103-B-01.jpeg,,분당구,81,103.92514676502013,6,0.0,3.317015947502679,1,True,0,0,0,0,0.0,0.2905219673416973,0.3333333333333333,0.0,-0.059246,0.2905219673416973,11.574696814025806,저위험
104,성남-01-104,유치원,숲리라유치원,경기도,성남시 수정구,41131,경기도 성남시 분당구 서판교로132번길 12,경기도 성남시 수정구 판교동 532-1,37.398572,127.097459,경기도 성남시청,031-729-3672,분당경찰서,Y,1,2022-08-25,성남-01-104-B-01.jpeg,,수정구,82,148.40736558388585,6,0.0,3.1317025202363586,1,True,0,0,0,0,0.0,0.2905219673416973,0.3333333333333333,0.0,-0.059246,0.2905219673416973,11.574696814025806,저위험
105,성남-01-105,유치원,즐거운유치원,경기도,성남시 분당구,41135,경기도 성남시 분당구 미금로 215,경기도 성남시 분당구 금곡동 141,37.351408,127.111941,경기도 성남시청,031-729-3672,분당경찰서,Y,1,2022-08-22,성남-01-105-B-01.jpeg,,분당구,83,186.43452945607893,5,0.0,1.13448447283479,0,True,0,0,0,0,0.0,0.27701358966788153,0.0,0.0,0.0,0.27701358966788153,0.0,저위험
106,성남-01-106,유치원,희영유치원,경기도,성남시 분당구,41135,경기도 성남시 분당구 동판교로 49,경기도 성남시 분당구 백현동 553-2,37.388294,127.114186,경기도 성남시청,031-729-3672,분당경찰서,N,0,2022-08-29,성남-01-106-B-01.jpeg,,분당구,84,57.80056469071571,8,1.0,1.7884442172883994,0,True,0,0,0,0,0.0,0.30172490688817327,0.0,0.3333333333333333,0.0,0.30172490688817327,21.173971560960762,중위험
108,성남-01-108,어린이집,단대어린이집,경기도,성남시 수정구,41131,경기도 성남시 수정구 희망로506번길 21,경기도 성남시 수정구 단대동 129,37.449645,127.155665,경기도 성남시청,031-729-3672,성남수정경찰서,Y,1,2022-08-17,성남-01-108-B-01.jpeg,,수정구,85,243.9546838724677,4,0.0,6.021145642268008,2,True,0,0,0,0,0.0,0.30468907178627264,0.6666666666666666,0.0,-0.118492,0.30468907178627264,23.71382577815385,중위험
109,성남-01-109,어린이집,산성어린이집,경기도,성남시 수정구,41131,경기도 성남시 수정구 수정남로 269,경기도 성남시 수정구 산성동 2115,37.453007,127.150387,경기도 성남시청,031-729-3672,성남수정경찰서,Y,4,2022-08-17,성남-01-109-B-01.jpeg,,수정구,86,135.1183990346297,6,0.0,5.565261429965441,2,True,1,0,1,1,0.0,0.30468907178627264,0.6666666666666666,0.0,-0.118492,0.30468907178627264,23.71382577815385,중위험
110,성남-01-110,어린이집,태평4동어린이집,경기도,성남시 수정구,41131,경기도 성남시 수정구 남문로 134,경기도 성남시 수정구 태평동 7292,37.447702,127.141485,경기도 성남시청,031-729-3672,성남수정경찰서,Y,1,2022-08-11,성남-01-110-B-01.jpeg,성남어린이집에서 명칭변경,수정구,87,56.500988601441094,8,1.0,6.875667706319935,2,True,0,0,0,0,2.0,0.33186921235444417,0.6666666666666666,0.3333333333333333,-0.118492,0.33186921235444417,47.003216557403675,고위험
111,성남-01-111,어린이집,수진동어린이집,경기도,성남시 수정구,41131,경기도 성남시 수정구 탄리로17번길 6,경기도 성남시 수정구 수진동 1921,37.438454,127.138715,경기도 성남시청,031-729-3672,성남수정경찰서,Y,1,2022-08-26,성남-01-111-B-01.jpeg,성현어린이집에서 명칭변경,수정구,88,83.0970776029339,5,1.0,5.1465869690571875,2,True,2,1,1,3,2.0,0.33186921235444417,0.6666666666666666,0.3333333333333333,-0.118492,0.33186921235444417,47.003216557403675,고위험
112,성남-01-112,어린이집,신흥제2어린이집,경기도,성남시 수정구,41131,경기도 성남시 수정구 수정로257번길 18,경기도 성남시 수정구 신흥동 50,37.449202,127.144413,경기도 성남시청,031-729-3672,성남수정경찰서,Y,1,2022-08-29,성남-01-112-B-01.jpeg,,수정구,89,150.55435211794781,9,0.0,7.909155743080433,2,True,1,0,1,1,0.0,0.30468907178627264,0.6666666666666666,0.0,-0.118492,0.30468907178627264,23.71382577815385,중위험
113,성남-01-113,어린이집,리틀플러스어린이집,경기도,성남시 수정구,41131,경기도 성남시 수정구 성남대로1250번길 7-2,경기도 성남시 수정구 태평동 6151-3,37.441811,127.128384,경기도 성남시청,031-729-3672,성남수정경찰서,Y,1,2022-08-04,성남-01-113-B-01.jpeg,리플플러스어린이집에서 변경,수정구,90,64.97534144243329,14,1.0,3.957111395079287,1,True,0,0,0,0,1.0,0.31643831499471753,0.3333333333333333,0.3333333333333333,-0.059246,0.31643831499471753,33.78120257319329,고위험
114,성남-01-114,어린이집,한양어린이집,경기도,성남시 수정구,41131,경기도 성남시 수정구 성남대로 1185,경기도 성남시 수정구 수진동 4615-1,37.435594,127.128101,경기도 성남시청,031-729-3672,성남수정경찰서,Y,1,2022-08-04,성남-01-114-B-01.jpeg,폐업,수정구,91,107.9893575297169,4,0.0,2.988402809479864,0,True,3,1,2,4,0.0,0.27701358966788153,0.0,0.0,0.0,0.27701358966788153,0.0,저위험
115,성남-01-115,어린이집,신흥제3어린이집,경기도,성남시 수정구,41131,경기도 성남시 수정구 공원로349번길 8,경기도 성남시 수정구 신흥동 2819,37.443531,127.148854,경기도 성남시청,031-729-3672,성남수정경찰서,Y,1,2022-08-11,성남-01-115-B-01.jpeg,,수정구,92,109.58066483736789,9,0.0,6.770340124202415,2,True,1,0,1,1,0.0,0.30468907178627264,0.6666666666666666,0.0,-0.118492,0.30468907178627264,23.71382577815385,중위험
116,성남-01-116,어린이집,복정어린이집,경기도,성남시 수정구,41131,경기도 성남시 수정구 복정로96번길 30-1,경기도 성남시 수정구 복정동 667,37.461129,127.130488,경기도 성남시청,031-729-3672,성남수정경찰서,Y,4,2022-08-25,성남-01-116-B-01.jpeg,,수정구,93,384.6188016036547,0,0.0,5.990862633753001,2,True,0,0,0,0,0.0,0.30468907178627264,0.6666666666666666,0.0,-0.118492,0.30468907178627264,23.71382577815385,중위험
117,성남-01-117,어린이집,복정2어린이집,경기도,성남시 수정구,41131,경기도 성남시 수정구 복정로118번길 20,경기도 성남시 수정구 복정동 657-1,37.463264,127.129126,경기도 성남시청,031-729-3672,성남수정경찰서,N,0,2022-08-25,성남-01-117-B-01.jpeg,,수정구,94,305.25211077261224,0,0.0,4.384994985062478,1,True,0,0,0,0,0.0,0.2905219673416973,0.3333333333333333,0.0,-0.059246,0.2905219673416973,11.574696814025806,저위험
118,성남-01-118,어린이집,아이세상어린이집,경기도,성남시 수정구,41131,경기도 성남시 수정구 수정로135번길5-1,경기도 성남시 수정구 태평동 3660,37.442201,127.134779,경기도 성남시청,031-729-3672,성남수정경찰서,N,0,2022-09-02,성남-01-118-B-01.jpeg,,수정구,95,83.96793582370393,12,1.0,4.2286479552894605,1,True,1,1,0,2,1.0,0.31643831499471753,0.3333333333333333,0.3333333333333333,-0.059246,0.31643831499471753,33.78120257319329,고위험
123,성남-01-123,어린이집,서광어린이집,경기도,성남시 분당구,41135,경기도 성남시 분당구 판교로 685,경기도 성남시 분당구 야탑동 152,37.405702,127.149481,경기도 성남시청,031-729-3672,분당경찰서,Y,4,2022-08-22,성남-01-123-B-01.jpeg,,분당구,96,68.54865259916114,8,1.0,9.48996371053745,3,True,0,0,0,0,3.0,0.3480525868386,1.0,0.3333333333333333,-0.177738,0.3480525868386,60.86999298349048,고위험
124,성남-01-124,어린이집,분당동어린이집,경기도,성남시 분당구,41135,경기도 성남시 분당구 장안로26번길 12,경기도 성남시 분당구 분당동 156,37.368598,127.143274,경기도 성남시청,031-729-3672,분당경찰서,Y,1,2022-08-17,성남-01-124-B-01.jpeg,분당어린이집에서 명칭변경,분당구,97,129.9407319716125,9,0.0,5.689509194299261,2,True,0,0,0,0,0.0,0.30468907178627264,0.6666666666666666,0.0,-0.118492,0.30468907178627264,23.71382577815385,중위험
125,성남-01-125,어린이집,판교어린이집,경기도,성남시 분당구,41135,경기도 성남시 분당구 판교원로 200,경기도 성남시 분당구 판교동 632,37.385948,127.088207,경기도 성남시청,031-729-3672,분당경찰서,Y,1,2022-09-01,성남-01-125-B-01.jpeg,,분당구,98,408.8693504210495,0,0.0,4.921263706790004,1,True,0,0,0,0,0.0,0.2905219673416973,0.3333333333333333,0.0,-0.059246,0.2905219673416973,11.574696814025806,저위험
126,성남-01-126,어린이집,서현어린이집,경기도,성남시 분당구,41135,경기도 성남시 분당구 중앙공원로31번길 32,경기도 성남시 분당구 서현동 89-4,37.382447,127.126079,경기도 성남시청,031-729-3672,분당경찰서,Y,4,2022-08-22,성남-01-126-B-01.jpeg,,분당구,99,51.54103531727609,10,1.0,1.9922958562737596,0,True,0,0,0,0,0.0,0.30172490688817327,0.0,0.3333333333333333,0.0,0.30172490688817327,21.173971560960762,중위험
127,성남-01-127,어린이집,성남숲어린이집,경기도,성남시 분당구,41135,경기도 성남시 분당구 내정로119번길 2,경기도 성남시 분당구 정자동 52,37.371025,127.115253,경기도 성남시청,031-729-3672,분당경찰서,Y,1,2022-08-25,성남-01-127-B-01.jpeg,성남생명숲어린이집에서 명칭 변경,분당구,100,204.2753446120917,4,0.0,1.6380168363564849,0,True,0,0,0,0,0.0,0.27701358966788153,0.0,0.0,0.0,0.27701358966788153,0.0,저위험
128,성남-01-128,어린이집,갈보리어린이집,경기도,성남시 분당구,41135,경기도 성남시 분당구 이매로 132,경기도 성남시 분당구 이매동 360-1,37.390533,127.134217,경기도 성남시청,031-729-3672,분당경찰서,Y,3,2022-08-25,성남-01-128-B-01.jpeg,폐업,분당구,101,69.281346231507,6,1.0,8.991953801560031,3,True,0,0,0,0,3.0,0.3480525868386,1.0,0.3333333333333333,-0.177738,0.3480525868386,60.86999298349048,고위험
129,성남-01-129,어린이집,푸르니궁내어린이집,경기도,성남시 분당구,41135,경기도 성남시 분당구 궁내로 52,경기도 성남시 분당구 궁내동 350-5,37.370358,127.095881,경기도 성남시청,031-729-3672,분당경찰서,N,0,2022-08-31,성남-01-129-B-01.jpeg,휴맥스어린이집에서 명칭변경,분당구,102,160.83439118232874,2,0.0,11.739394069755498,3,True,0,0,0,0,0.0,0.319547025360709,1.0,0.0,-0.177738,0.319547025360709,36.444911038993574,고위험
130,성남-01-130,어린이집,더늘사랑어린이집,경기도,성남시 분당구,41135,경기도 성남시 분당구 야탑로 20,경기도 성남시 분당구 야탑동 536,37.407295,127.123299,경기도 성남시청,031-729-3672,분당경찰서,Y,1,2022-08-31,성남-01-130-B-01.jpeg,,분당구,103,59.689606271103614,4,1.0,1.622709843473139,0,True,0,0,0,0,0.0,0.30172490688817327,0.0,0.3333333333333333,0.0,0.30172490688817327,21.173971560960762,중위험
131,성남-01-131,어린이집,삼평어린이집,경기도,성남시 분당구,41135,경기도 성남시 분당구 동판교로 268,경기도 성남시 분당구 삼평동 711,37.406109,127.115836,경기도 성남시청,031-729-3672,분당경찰서,Y,1,2022-08-31,성남-01-131-B-01.jpeg,,분당구,104,73.31213718733599,8,1.0,2.099172919128806,0,True,1,0,1,1,0.0,0.30172490688817327,0.0,0.3333333333333333,0.0,0.30172490688817327,21.173971560960762,중위험
132,성남-01-132,어린이집,판교제2어린이집,경기도,성남시 분당구,41135,경기도 성남시 분당구 운중로225번길 37,경기도 성남시 분당구 판교동 553,37.391671,127.091106,경기도 성남시청,031-729-3672,분당경찰서,Y,1,2022-09-01,성남-01-132-B-01.jpeg,,분당구,105,262.5140271881952,2,0.0,6.990206161409344,2,True,0,0,0,0,0.0,0.30468907178627264,0.6666666666666666,0.0,-0.118492,0.30468907178627264,23.71382577815385,중위험
133,성남-01-133,어린이집,수내동어린이집,경기도,성남시 분당구,41135,경기도 성남시 분당구 황새울로240번길 10-5,경기도 성남시 분당구 수내동 12-3,37.379099,127.114714,경기도 성남시청,031-729-3672,분당경찰서,Y,1,2022-08-26,성남-01-133-B-01.jpeg,,분당구,106,111.06277139974038,5,0.0,3.091916575371026,1,True,0,0,0,0,0.0,0.2905219673416973,0.3333333333333333,0.0,-0.059246,0.2905219673416973,11.574696814025806,저위험
134,성남-01-134,어린이집,구미동어린이집,경기도,성남시 분당구,41135,경기도 성남시 분당구 금곡로25번길 10,경기도 성남시 분당구 구미동 119,37.344538,127.112319,경기도 성남시청,031-729-3672,분당경찰서,N,0,2022-08-22,성남-01-134-B-01.jpeg,,분당구,107,189.9923698899185,5,0.0,2.5937005264497435,0,True,0,0,0,0,0.0,0.27701358966788153,0.0,0.0,0.0,0.27701358966788153,0.0,저위험
135,성남-01-135,어린이집,야탑보듬이나눔이어린이집,경기도,성남시 분당구,41135,경기도 성남시 분당구 야탑로 303,경기도 성남시 분당구 야탑동 195,37.406455,127.151789,경기도 성남시청,031-729-3672,분당경찰서,N,0,2022-08-22,성남-01-135-B-01.jpeg,신규,분당구,108,166.59244884999256,5,0.0,9.826260402925858,3,True,0,0,0,0,0.0,0.319547025360709,1.0,0.0,-0.177738,0.319547025360709,36.444911038993574,고위험
136,성남-01-136,어린이집,예림어린이집,경기도,성남시 수정구,41131,경기도 성남시 수정구 산성대로437번길 7,경기도 성남시 수정구 단대동 100,37.449219,127.157766,경기도 성남시청,031-729-3672,성남수정경찰서,N,0,2022-08-29,성남-01-136-B-01.jpeg,,수정구,109,114.03829070302326,6,0.0,6.021145642268008,2,True,0,0,0,0,0.0,0.30468907178627264,0.6666666666666666,0.0,-0.118492,0.30468907178627264,23.71382577815385,중위험
137,성남-01-137,특수학교,성남혜은학교,경기도,성남시 수정구,41131,경기도 성남시 수정구 희망로518번길 8,경기도 성남시 수정구 단대동 192,37.450396,127.153922,경기도 성남시청,031-729-3672,성남수정경찰서,Y,4,2022-08-17,성남-01-137-B-01.jpeg,,수정구,110,108.64240732569496,2,0.0,6.939428764324297,2,True,0,0,0,0,0.0,0.30468907178627264,0.6666666666666666,0.0,-0.118492,0.30468907178627264,23.71382577815385,중위험
138,성남-01-138,특수학교,성은학교,경기도,성남시 분당구,41135,경기도 성남시 분당구 돌마로 866,경기도 성남시 분당구 야탑동 172,37.409122,127.143952,경기도 성남시청,031-729-3672,분당경찰서,Y,4,2022-09-07,성남-01-138-B-01.jpeg,성은특수학교에서 명칭변경,분당구,111,29.351069626538987,7,3.0,5.646732841559098,2,True,1,0,1,1,6.0,0.3937196934290338,0.6666666666666666,1.0,-0.118492,0.3937196934290338,100.0,고위험
139,성남-01-139,특수학교,서울국제학교,경기도,성남시 수정구,41131,경기도 성남시 수정구 성남대로1518번길 15,경기도 성남시 수정구 복정동 388-14,37.466084,127.128988,경기도 성남시청,031-729-3672,성남수정경찰서,N,0,2022-08-25,성남-01-139-B-01.jpeg,,수정구,112,210.4774530560767,2,0.0,1.4769805417563697,0,True,0,0,0,0,0.0,0.27701358966788153,0.0,0.0,0.0,0.27701358966788153,0.0,저위험
140,성남-01-140,학원,KDLP창의샘,경기도,성남시 분당구,41135,경기도 성남시 분당구 서현로 181,경기도 성남시 분당구 이매동 124,37.389493,127.124911,경기도 성남시청,031-729-3672,분당경찰서,N,0,2022-08-11,성남-01-140-B-01.jpeg,케이디엘피어학원에서 명칭변경,분당구,113,33.85872850360711,9,2.0,1.1685013000565312,0,True,0,0,0,0,0.0,0.3286406257029644,0.0,0.6666666666666666,0.0,0.3286406257029644,44.236791711204255,고위험
141,성남-01-141,유치원,판교반디유치원,경기도,성남시 분당구,41135,경기도 성남시 분당구 판교대장로5길 57-9,경기도 성남시 분당구 대장동 198-2,37.367083,127.069763,경기도 성남시청,031-729-3672,분당경찰서,Y,1,2022-08-31,성남-01-141-B-01.jpeg,신규,분당구,114,102.02809567007623,6,0.0,10.76526253752603,3,True,0,0,0,0,0.0,0.319547025360709,1.0,0.0,-0.177738,0.319547025360709,36.444911038993574,고위험
